{
  "project_info": {
    "project_number": "672032505058",
    "project_id": "safeswipe-79e0f",
    "storage_bucket": "safeswipe-79e0f.firebasestorage.app"
  },
  "client": [
    {
      "client_info": {
        "mobilesdk_app_id": "1:672032505058:android:0839a9524b03a3b88f32bb",
        "android_client_info": {
          "package_name": "com.example.safeswipe"
        }
      },
      "oauth_client": [],
      "api_key": [
        {
          "current_key": "AIzaSyBToNHX-WjPqChDlNMfjedfIMpcIdTpd4c"
        }
      ],
      "services": {
        "appinvite_service": {
          "other_platform_oauth_client": []
        }
      }
    }
  ],
  "configuration_version": "1"
}